-- MySQL Script generated by MySQL Workbench
-- Sat Apr 11 22:11:14 2020
-- Model: New Model    Version: 1.0
-- MySQL Workbench Forward Engineering

SET @OLD_UNIQUE_CHECKS=@@UNIQUE_CHECKS, UNIQUE_CHECKS=0;
SET @OLD_FOREIGN_KEY_CHECKS=@@FOREIGN_KEY_CHECKS, FOREIGN_KEY_CHECKS=0;
SET @OLD_SQL_MODE=@@SQL_MODE, SQL_MODE='ONLY_FULL_GROUP_BY,STRICT_TRANS_TABLES,NO_ZERO_IN_DATE,NO_ZERO_DATE,ERROR_FOR_DIVISION_BY_ZERO,NO_ENGINE_SUBSTITUTION';

-- -----------------------------------------------------
-- Schema logali
-- -----------------------------------------------------

-- -----------------------------------------------------
-- Schema logali
-- -----------------------------------------------------
CREATE SCHEMA IF NOT EXISTS `logali` DEFAULT CHARACTER SET utf8 ;
USE `logali` ;

-- -----------------------------------------------------
-- Table `logali`.`address`
-- -----------------------------------------------------
CREATE TABLE IF NOT EXISTS `logali`.`address` (
  `id` INT NOT NULL AUTO_INCREMENT,
  `geoLocX` FLOAT NOT NULL,
  `geoLocY` FLOAT NOT NULL,
  `zipCode` INT NULL,
  `number` INT NULL,
  `street` VARCHAR(45) NULL,
  `complement` VARCHAR(20) NULL,
  `neighborhood` VARCHAR(45) NULL,
  `city` VARCHAR(45) NULL,
  `state` VARCHAR(45) NULL,
  `createdAt` VARCHAR(20) NOT NULL,
  `updatedAt` VARCHAR(20) NULL,
  PRIMARY KEY (`id`))
ENGINE = InnoDB;

INSERT INTO `logali`.`address` 
(`geoLocX`, `geoLocY`, `zipCode`, `number`, `street`, `complement`, `neighborhood`, `city`, `state`, `createdAt`) VALUES 
('-19.848291', '-43.914543', '31980430', '66', 'R. Canto do Buriti', 'CASA','São Gabriel', 'Belo Horizonte', 'MG', now()),
(-19.846706, -43.905876, '31870150', '354', 'Rua papa honorio III', 'CASA','Ouro Minas', 'Belo Horizonte', 'MG', now()),
(-22.912894, -43.185557, '20231091', '88', 'R. do Rezende', 'CASA','Centro', 'Rio de Janeiro', 'RJ', now()),
(-19.846706, -43.905876, '31870150', '354', 'Rua papa honorio III', 'CASA','Ouro Minas', 'Belo Horizonte', 'MG', now()),
(-22.422609, -42.970990, '25955280', '90', 'R. Jequié', 'CASA','Fazendinha', 'Teresópolis', 'RJ', now());

-- -----------------------------------------------------
-- Table `logali`.`typeScheduling`
-- -----------------------------------------------------
CREATE TABLE IF NOT EXISTS `logali`.`typeScheduling` (
  `id` INT NOT NULL AUTO_INCREMENT,
  `name` VARCHAR(45) NOT NULL,
  PRIMARY KEY (`id`))
ENGINE = InnoDB;

INSERT INTO `logali`.`typescheduling` (`name`) VALUES 
('Manutenção'),
('Instalação'),
('Bug');

-- -----------------------------------------------------
-- Table `logali`.`statusScheduling`
-- -----------------------------------------------------
CREATE TABLE IF NOT EXISTS `logali`.`statusScheduling` (
  `id` INT NOT NULL AUTO_INCREMENT,
  `name` VARCHAR(45) NOT NULL,
  PRIMARY KEY (`id`))
ENGINE = InnoDB;

INSERT INTO `logali`.`statusscheduling` (`name`) VALUES 
('Aguardando Aceite'), 
('Aceitado'), 
('À caminho'),
('Cancelado'),
('Terminado');

-- -----------------------------------------------------
-- Table `logali`.`typeUser`
-- -----------------------------------------------------
CREATE TABLE IF NOT EXISTS `logali`.`typeUser` (
  `id` INT NOT NULL AUTO_INCREMENT,
  `name` VARCHAR(45) NOT NULL,
  PRIMARY KEY (`id`))
ENGINE = InnoDB;

INSERT INTO `logali`.`typeUser` (`name`) VALUES 
('Agendador'), 
('Técnico');

-- -----------------------------------------------------
-- Table `logali`.`user`
-- -----------------------------------------------------
CREATE TABLE IF NOT EXISTS `logali`.`user` (
  `id` INT NOT NULL AUTO_INCREMENT,
  `addressId` INT NOT NULL,
  `typeUserId` INT NOT NULL,
  `name` VARCHAR(45) NOT NULL,
  `login` VARCHAR(20) NOT NULL,
  `password` VARCHAR(28) NOT NULL,
  `rateAVG` INT NOT NULL DEFAULT 0,
  `createdAt` VARCHAR(20) NOT NULL,
  `updatedAt` VARCHAR(20) NULL,
  PRIMARY KEY (`id`),
  INDEX `fk_user_address1_idx` (`addressId` ASC),
  INDEX `fk_user_type_user1_idx` (`typeUserId` ASC),
  CONSTRAINT `fk_user_address1`
    FOREIGN KEY (`addressId`)
    REFERENCES `logali`.`address` (`id`)
    ON DELETE NO ACTION
    ON UPDATE NO ACTION,
  CONSTRAINT `fk_user_type_user1`
    FOREIGN KEY (`typeUserId`)
    REFERENCES `logali`.`typeUser` (`id`)
    ON DELETE NO ACTION
    ON UPDATE NO ACTION)
ENGINE = InnoDB;

INSERT INTO `logali`.`user` (`addressId`, `typeUserId`, `name`, `login`, `password`, `rateAVG`, `createdAt`) VALUES 
('1','1','Luiz Henrique', 'lh', '12345', 0, now()),
('2','1','Maria da silva', 'mds', '12345', 0, now()),
('3','1','Josefina das dores', 'jdd', '12345', 0, now()),
('4','2','Luizão', 'lui', '12345', 0, now()),
('5','2','Marcão', 'mar', '12345', 0, now());

-- -----------------------------------------------------
-- Table `logali`.`scheduling`
-- -----------------------------------------------------
CREATE TABLE IF NOT EXISTS `logali`.`scheduling` (
  `id` INT NOT NULL AUTO_INCREMENT,
  `userId` INT NOT NULL,
  `typeSchedulingId` INT NOT NULL,
  `statusSchedulingId` INT NOT NULL,
  `workerId` INT NULL,
  `dateTime` VARCHAR(20) NOT NULL,
  `observation` VARCHAR(200) NULL,
  `createdAt` VARCHAR(20) NOT NULL,
  `updatedAt` VARCHAR(20) NULL,
  `deletedAt` VARCHAR(20) NULL,
  PRIMARY KEY (`id`),
  INDEX `fk_scheduling_typeScheduling_idx` (`typeSchedulingId` ASC),
  INDEX `fk_scheduling_statusScheduling1_idx` (`statusSchedulingId` ASC),
  INDEX `fk_scheduling_user1_idx` (`userId` ASC),
  INDEX `fk_scheduling_user2_idx` (`workerId` ASC),
  CONSTRAINT `fk_scheduling_typeScheduling`
    FOREIGN KEY (`typeSchedulingId`)
    REFERENCES `logali`.`typeScheduling` (`id`)
    ON DELETE NO ACTION
    ON UPDATE NO ACTION,
  CONSTRAINT `fk_scheduling_statusScheduling1`
    FOREIGN KEY (`statusSchedulingId`)
    REFERENCES `logali`.`statusScheduling` (`id`)
    ON DELETE NO ACTION
    ON UPDATE NO ACTION,
  CONSTRAINT `fk_scheduling_user1`
    FOREIGN KEY (`userId`)
    REFERENCES `logali`.`user` (`id`)
    ON DELETE NO ACTION
    ON UPDATE NO ACTION,
  CONSTRAINT `fk_scheduling_user2`
    FOREIGN KEY (`workerId`)
    REFERENCES `logali`.`user` (`id`)
    ON DELETE NO ACTION
    ON UPDATE NO ACTION)
ENGINE = InnoDB;

INSERT INTO `logali`.`scheduling` (`userId`, `typeSchedulingId`, `statusSchedulingId`, `dateTime`, `observation`, `createdAt`) VALUES 
('1', '1', '1', '2020-06-01 10:00:00', 'oi', now()),
('2', '1', '1', '2020-06-02 10:00:00', 'tudo', now()),
('3', '1', '1', '2020-06-03 10:00:00', 'bem?', now()),
('1', '2', '1', '2020-06-04 10:00:00', 'sim', now()),
('2', '2', '1', '2020-06-05 10:00:00', 'e', now()),
('3', '2', '1', '2020-06-06 10:00:00', 'com', now()),
('1', '3', '1', '2020-06-07 10:00:00', 'você?', now()),
('2', '3', '1', '2020-06-08 10:00:00', 'to', now()),
('3', '3', '1', '2020-06-09 10:00:00', 'bem <3', now());

-- -----------------------------------------------------
-- Table `logali`.`rating`
-- -----------------------------------------------------
CREATE TABLE IF NOT EXISTS `logali`.`rating` (
  `id` INT NOT NULL AUTO_INCREMENT,
  `raterId` INT NOT NULL,
  `ratedId` INT NOT NULL,
  `schedulingId` INT NOT NULL,
  `rate` FLOAT NOT NULL,
  `observation` VARCHAR(160) NULL,
  `createdAt` VARCHAR(20) NOT NULL,
  PRIMARY KEY (`id`),
  INDEX `fk_rating_user1_idx` (`raterId` ASC),
  INDEX `fk_rating_user2_idx` (`ratedId` ASC),
  INDEX `fk_rating_scheduling1_idx` (`schedulingId` ASC),
  CONSTRAINT `fk_rating_user1`
    FOREIGN KEY (`raterId`)
    REFERENCES `logali`.`user` (`id`)
    ON DELETE NO ACTION
    ON UPDATE NO ACTION,
  CONSTRAINT `fk_rating_user2`
    FOREIGN KEY (`ratedId`)
    REFERENCES `logali`.`user` (`id`)
    ON DELETE NO ACTION
    ON UPDATE NO ACTION,
  CONSTRAINT `fk_rating_scheduling1`
    FOREIGN KEY (`schedulingId`)
    REFERENCES `logali`.`scheduling` (`id`)
    ON DELETE NO ACTION
    ON UPDATE NO ACTION)
ENGINE = InnoDB;

-- -----------------------------------------------------
-- Table `logali`.`messages`
-- -----------------------------------------------------
CREATE TABLE IF NOT EXISTS `logali`.`messages` (
  `id` INT NOT NULL AUTO_INCREMENT,
  `senderId` INT NOT NULL,
  `recieverId` INT NOT NULL,
  `message` VARCHAR(200) NOT NULL,
  `createdAt` VARCHAR(20) NOT NULL,
  PRIMARY KEY (`id`),
  INDEX `fk_messages_user1_idx` (`senderId` ASC),
  INDEX `fk_messages_user2_idx` (`recieverId` ASC),
  CONSTRAINT `fk_messages_user1`
    FOREIGN KEY (`senderId`)
    REFERENCES `logali`.`user` (`id`)
    ON DELETE NO ACTION
    ON UPDATE NO ACTION,
  CONSTRAINT `fk_messages_user2`
    FOREIGN KEY (`recieverId`)
    REFERENCES `logali`.`user` (`id`)
    ON DELETE NO ACTION
    ON UPDATE NO ACTION)
ENGINE = InnoDB;

INSERT INTO `logali`.`messages` (`senderId`, `recieverId`, `message`, `createdAt`) VALUES 
('1', '2', 'oi, tudo bem?', now()), 
('2', '1', 'Tudo bem sim, e com vc?', now());

SET SQL_MODE=@OLD_SQL_MODE;
SET FOREIGN_KEY_CHECKS=@OLD_FOREIGN_KEY_CHECKS;
SET UNIQUE_CHECKS=@OLD_UNIQUE_CHECKS;
